{
    "width": 640,
    "height": 480,
    "intrinsic_matrix": [
        612.602783203125,
        0,
        0,
        0,
        612.6766967773438,
        0,
        327.29217529296875,
        239.1042938232422,
        1
    ]
}